--
-- PostgreSQL database dump
--

\restrict eDeUR5owrjqfxEdiG1qaWJrPhaGg06ON5lQvMUDHJ8ZCnmSkzMG00P9ifLUPNJI

-- Dumped from database version 18.0
-- Dumped by pg_dump version 18.0

SET statement_timeout = 0;
SET lock_timeout = 0;
SET idle_in_transaction_session_timeout = 0;
SET transaction_timeout = 0;
SET client_encoding = 'UTF8';
SET standard_conforming_strings = on;
SELECT pg_catalog.set_config('search_path', '', false);
SET check_function_bodies = false;
SET xmloption = content;
SET client_min_messages = warning;
SET row_security = off;

--
-- Data for Name: prediction; Type: TABLE DATA; Schema: public; Owner: postgres
--

INSERT INTO public.prediction VALUES ('019a3598-ac04-71e7-8718-a4c29e1eaa4a', 1, '2025-10-30 14:49:49.309692+00', '2025-10-30 14:49:49.309692+00', NULL);
INSERT INTO public.prediction VALUES ('019a3598-ac09-7e61-9c6e-89f01a9354b7', 1, '2025-10-30 14:49:49.309692+00', '2025-10-30 14:49:49.309692+00', NULL);
INSERT INTO public.prediction VALUES ('019a3598-ac0d-71f1-82e9-12dc130e66a7', 1, '2025-10-30 14:49:49.309692+00', '2025-10-30 14:49:49.309692+00', NULL);
INSERT INTO public.prediction VALUES ('019a3598-bbf3-7618-a41f-e167b78d8d23', 1, '2025-10-30 14:49:53.391079+00', '2025-10-30 14:49:53.391079+00', NULL);
INSERT INTO public.prediction VALUES ('019a3598-bbf5-7fcb-9cd9-0055863c9eb2', 1, '2025-10-30 14:49:53.391079+00', '2025-10-30 14:49:53.391079+00', NULL);
INSERT INTO public.prediction VALUES ('019a3598-bbf8-7a22-a62c-aea694ae532a', 1, '2025-10-30 14:49:53.391079+00', '2025-10-30 14:49:53.391079+00', NULL);
INSERT INTO public.prediction VALUES ('019a3598-cdb4-7003-b62c-adbf1230f5f9', 1, '2025-10-30 14:49:57.937818+00', '2025-10-30 14:49:57.937818+00', NULL);
INSERT INTO public.prediction VALUES ('019a3598-cdb6-74c2-a319-2d6913055355', 1, '2025-10-30 14:49:57.937818+00', '2025-10-30 14:49:57.937818+00', NULL);
INSERT INTO public.prediction VALUES ('019a3598-cdb8-7ab2-9caf-4afb958d5faf', 1, '2025-10-30 14:49:57.937818+00', '2025-10-30 14:49:57.937818+00', NULL);
INSERT INTO public.prediction VALUES ('019a3598-cdbb-781b-b7a9-569b4df0dbc8', 1, '2025-10-30 14:49:57.937818+00', '2025-10-30 14:49:57.937818+00', NULL);
INSERT INTO public.prediction VALUES ('019a3598-e3b3-76ee-829c-de1ba693be4b', 1, '2025-10-30 14:50:03.568841+00', '2025-10-30 14:50:03.568841+00', NULL);
INSERT INTO public.prediction VALUES ('019a3598-f3d2-72f4-aba5-efd479cfaae6', 1, '2025-10-30 14:50:07.695336+00', '2025-10-30 14:50:07.695336+00', NULL);
INSERT INTO public.prediction VALUES ('019a3599-3868-73d8-afb2-346cdd7a3311', 1, '2025-10-30 14:50:25.25359+00', '2025-10-30 14:50:25.25359+00', NULL);
INSERT INTO public.prediction VALUES ('019a3599-386a-7b4f-88bd-9121721f65e8', 1, '2025-10-30 14:50:25.25359+00', '2025-10-30 14:50:25.25359+00', NULL);
INSERT INTO public.prediction VALUES ('019a3599-386c-7ef5-91f7-3b71078abff2', 1, '2025-10-30 14:50:25.25359+00', '2025-10-30 14:50:25.25359+00', NULL);
INSERT INTO public.prediction VALUES ('019a3599-386f-7157-94dd-10844d7aafc5', 1, '2025-10-30 14:50:25.25359+00', '2025-10-30 14:50:25.25359+00', NULL);
INSERT INTO public.prediction VALUES ('019a3599-3871-71e3-b448-076707c4df75', 1, '2025-10-30 14:50:25.25359+00', '2025-10-30 14:50:25.25359+00', NULL);
INSERT INTO public.prediction VALUES ('019a3599-3874-7a55-8888-9c4db4e0d0bc', 1, '2025-10-30 14:50:25.25359+00', '2025-10-30 14:50:25.25359+00', NULL);
INSERT INTO public.prediction VALUES ('019a3599-3876-7b9c-b379-5ceca126b615', 1, '2025-10-30 14:50:25.25359+00', '2025-10-30 14:50:25.25359+00', NULL);
INSERT INTO public.prediction VALUES ('019a3599-3878-7cb7-afea-b3a7405b9d0d', 1, '2025-10-30 14:50:25.25359+00', '2025-10-30 14:50:25.25359+00', NULL);
INSERT INTO public.prediction VALUES ('019a3599-5061-77b5-84a2-50e68b16737a', 1, '2025-10-30 14:50:31.391541+00', '2025-10-30 14:50:31.391541+00', NULL);
INSERT INTO public.prediction VALUES ('019a3599-5063-7d52-bcc0-54ef5e9d161a', 1, '2025-10-30 14:50:31.391541+00', '2025-10-30 14:50:31.391541+00', NULL);
INSERT INTO public.prediction VALUES ('019a3599-5066-7670-8936-5c3da172c342', 1, '2025-10-30 14:50:31.391541+00', '2025-10-30 14:50:31.391541+00', NULL);
INSERT INTO public.prediction VALUES ('019a3599-5068-7baf-97cb-ddfe2ca55871', 1, '2025-10-30 14:50:31.391541+00', '2025-10-30 14:50:31.391541+00', NULL);
INSERT INTO public.prediction VALUES ('019a3599-683c-7401-ae63-e524b966182a', 1, '2025-10-30 14:50:37.497655+00', '2025-10-30 14:50:37.497655+00', NULL);
INSERT INTO public.prediction VALUES ('019a3599-683e-7652-8285-b89bb7cec870', 1, '2025-10-30 14:50:37.497655+00', '2025-10-30 14:50:37.497655+00', NULL);
INSERT INTO public.prediction VALUES ('019a3599-6840-76a9-a92b-6552bf95d11c', 1, '2025-10-30 14:50:37.497655+00', '2025-10-30 14:50:37.497655+00', NULL);
INSERT INTO public.prediction VALUES ('019a3599-78da-770f-9ac9-21315dc9abfe', 1, '2025-10-30 14:50:41.752456+00', '2025-10-30 14:50:41.752456+00', NULL);
INSERT INTO public.prediction VALUES ('019a3599-78dc-7b76-a9cb-4428a62b4ddf', 1, '2025-10-30 14:50:41.752456+00', '2025-10-30 14:50:41.752456+00', NULL);
INSERT INTO public.prediction VALUES ('019a3599-78de-7b0d-af2d-17c197f934ed', 1, '2025-10-30 14:50:41.752456+00', '2025-10-30 14:50:41.752456+00', NULL);
INSERT INTO public.prediction VALUES ('019a3599-78e1-7644-a986-629ddbeacfef', 1, '2025-10-30 14:50:41.752456+00', '2025-10-30 14:50:41.752456+00', NULL);
INSERT INTO public.prediction VALUES ('019a3599-8a9c-7610-ab97-c06a34ac7ff1', 1, '2025-10-30 14:50:46.298491+00', '2025-10-30 14:50:46.298491+00', NULL);
INSERT INTO public.prediction VALUES ('019a3599-8a9f-73a5-8478-80c815337654', 1, '2025-10-30 14:50:46.298491+00', '2025-10-30 14:50:46.298491+00', NULL);
INSERT INTO public.prediction VALUES ('019a3599-a1af-7589-a1f8-f8445d7c9bbf', 1, '2025-10-30 14:50:52.205148+00', '2025-10-30 14:50:52.205148+00', NULL);
INSERT INTO public.prediction VALUES ('019a3599-a1b2-70d2-bac9-e23ea6bda883', 1, '2025-10-30 14:50:52.205148+00', '2025-10-30 14:50:52.205148+00', NULL);
INSERT INTO public.prediction VALUES ('019a3599-a1b4-73b4-96e2-d07d19e3ef63', 1, '2025-10-30 14:50:52.205148+00', '2025-10-30 14:50:52.205148+00', NULL);
INSERT INTO public.prediction VALUES ('019a3599-b45d-7495-987f-ccddb74ba247', 1, '2025-10-30 14:50:56.986992+00', '2025-10-30 14:50:56.986992+00', NULL);
INSERT INTO public.prediction VALUES ('019a359a-0298-7f08-b0e8-d13369a03be5', 1, '2025-10-30 14:51:17.014389+00', '2025-10-30 14:51:17.014389+00', NULL);
INSERT INTO public.prediction VALUES ('019a359a-10bb-73d7-a1ad-6d3f9a909209', 1, '2025-10-30 14:51:20.633231+00', '2025-10-30 14:51:20.633231+00', NULL);
INSERT INTO public.prediction VALUES ('019a359a-6d2d-799e-931e-65e3c8a7e57f', 1, '2025-10-30 14:51:44.297133+00', '2025-10-30 14:51:44.297133+00', NULL);


--
-- Data for Name: prediction_topic; Type: TABLE DATA; Schema: public; Owner: postgres
--

INSERT INTO public.prediction_topic VALUES ('019a3598-ac01-7c64-9d0a-4f375da03ae5', NULL, 'sports', NULL, '2025-10-30 14:49:49.309692+00', '2025-10-30 14:49:49.309692+00', NULL);
INSERT INTO public.prediction_topic VALUES ('019a3598-ac08-7d32-9329-7826852c937a', NULL, 'politics', NULL, '2025-10-30 14:49:49.309692+00', '2025-10-30 14:49:49.309692+00', NULL);
INSERT INTO public.prediction_topic VALUES ('019a3598-e3b2-786f-b7fc-0e7ead9a3718', NULL, 'science', NULL, '2025-10-30 14:50:03.568841+00', '2025-10-30 14:50:03.568841+00', NULL);
INSERT INTO public.prediction_topic VALUES ('019a3599-683b-768c-909c-55e94e6fb44b', NULL, 'general', NULL, '2025-10-30 14:50:37.497655+00', '2025-10-30 14:50:37.497655+00', NULL);
INSERT INTO public.prediction_topic VALUES ('019a3599-b45c-7741-85db-84245ee46c0c', NULL, 'technology', NULL, '2025-10-30 14:50:56.986992+00', '2025-10-30 14:50:56.986992+00', NULL);
INSERT INTO public.prediction_topic VALUES ('019a359a-10ba-7807-afd7-6dc7d321b842', NULL, 'business', NULL, '2025-10-30 14:51:20.633231+00', '2025-10-30 14:51:20.633231+00', NULL);


--
-- Data for Name: parsed_prediction; Type: TABLE DATA; Schema: public; Owner: postgres
--

INSERT INTO public.parsed_prediction VALUES ('019a3598-ac06-7e06-9bdd-98baac57ba65', '019a3598-ac04-71e7-8718-a4c29e1eaa4a', '[{"end": 30, "start": 12, "source": {"tweet_id": "625567351237316609"}}, {"end": 51, "start": 36, "source": {"tweet_id": "625567351237316609"}}]', '[{"end": 35, "start": 31, "source": {"tweet_id": "625567351237316609"}}]', '019a3598-ac01-7c64-9d0a-4f375da03ae5', 85, 'The prediction is clear, verifiable, and highly consequential in the sports world. The timeline is specific, and the outcome is unambiguous. While the tweet was posted in 2025, it predicts an event in the past relative to its post date, which means it was verifiable at the time of posting from a future perspective.', 1.0, 0.05, NULL, '5D5FbRRUvQxdQnJLgNW6BdgZ86CRGreKRahzhxmdSj2REBnt', '2025-10-30 14:49:49.309692+00', '2025-10-30 14:49:49.309692+00', NULL);
INSERT INTO public.parsed_prediction VALUES ('019a3598-ac0b-714d-94da-684beb24ef6c', '019a3598-ac09-7e61-9c6e-89f01a9354b7', '[{"end": 45, "start": 12, "source": {"tweet_id": "625574233993711616"}}]', '[{"end": 57, "start": 46, "source": {"tweet_id": "625574233993711616"}}]', '019a3598-ac08-7d32-9329-7826852c937a', 80, 'Clear, verifiable prediction with a specific timeframe and significant political implications. High resolution and actionability.', 0.9, 0.15, NULL, '5D5FbRRUvQxdQnJLgNW6BdgZ86CRGreKRahzhxmdSj2REBnt', '2025-10-30 14:49:49.309692+00', '2025-10-30 14:49:49.309692+00', NULL);
INSERT INTO public.parsed_prediction VALUES ('019a3598-ac15-78c1-a111-b2b3d28e431f', '019a3598-ac0d-71f1-82e9-12dc130e66a7', '[{"end": 51, "start": 18, "source": {"tweet_id": "625574265425760256"}}]', '[{"end": 63, "start": 52, "source": {"tweet_id": "625574265425760256"}}]', '019a3598-ac08-7d32-9329-7826852c937a', 80, 'Clear, specific prediction about a significant political event with a defined timeframe. High verifiability and consequentiality.', 1.0, 0.15, NULL, '5D5FbRRUvQxdQnJLgNW6BdgZ86CRGreKRahzhxmdSj2REBnt', '2025-10-30 14:49:49.309692+00', '2025-10-30 14:49:49.309692+00', NULL);
INSERT INTO public.parsed_prediction VALUES ('019a3598-bbf4-787d-ace7-19056cc99903', '019a3598-bbf3-7618-a41f-e167b78d8d23', '[{"end": 61, "start": 28, "source": {"tweet_id": "625574292189638656"}}]', '[{"end": 73, "start": 62, "source": {"tweet_id": "625574292189638656"}}]', '019a3598-ac08-7d32-9329-7826852c937a', 85, 'Clear, verifiable prediction with a specific outcome and timeframe. High consequentiality for the individual and potentially US-Israel relations. The ''Prediction:'' tag indicates high conviction. Verifiable.', 0.9, 0.15, NULL, '5D5FbRRUvQxdQnJLgNW6BdgZ86CRGreKRahzhxmdSj2REBnt', '2025-10-30 14:49:53.391079+00', '2025-10-30 14:49:53.391079+00', NULL);
INSERT INTO public.parsed_prediction VALUES ('019a3598-bbf6-7f58-b073-60e047ac2925', '019a3598-bbf5-7fcb-9cd9-0055863c9eb2', '[{"end": 54, "start": 21, "source": {"tweet_id": "625574319423229952"}}]', '[{"end": 66, "start": 55, "source": {"tweet_id": "625574319423229952"}}]', '019a3598-ac08-7d32-9329-7826852c937a', 85, 'Clear, specific prediction about a significant political event with a precise timeframe. High verifiability and consequentiality.', 1.0, 0.15, NULL, '5D5FbRRUvQxdQnJLgNW6BdgZ86CRGreKRahzhxmdSj2REBnt', '2025-10-30 14:49:53.391079+00', '2025-10-30 14:49:53.391079+00', NULL);
INSERT INTO public.parsed_prediction VALUES ('019a3598-bbf9-78f4-80ce-898203ed55bc', '019a3598-bbf8-7a22-a62c-aea694ae532a', '[{"end": 50, "start": 17, "source": {"tweet_id": "625574350494642176"}}]', '[{"end": 62, "start": 51, "source": {"tweet_id": "625574350494642176"}}]', '019a3598-ac08-7d32-9329-7826852c937a', 85, 'Clear, verifiable prediction with a specific timeframe. High consequentiality given the political nature. The preceding news item adds to its relevance.', 1.0, 0.05, NULL, '5D5FbRRUvQxdQnJLgNW6BdgZ86CRGreKRahzhxmdSj2REBnt', '2025-10-30 14:49:53.391079+00', '2025-10-30 14:49:53.391079+00', NULL);
INSERT INTO public.parsed_prediction VALUES ('019a3598-cdb4-7fce-9a6c-e6ea9340e71e', '019a3598-cdb4-7003-b62c-adbf1230f5f9', '[{"end": 61, "start": 0, "source": {"tweet_id": "625566066337521664"}}]', '[{"end": 44, "start": 40, "source": {"tweet_id": "625566066337521664"}}]', '019a3598-ac01-7c64-9d0a-4f375da03ae5', 40, 'The tweet asks a question about a future event rather than making a direct prediction. While the outcome is verifiable, the post itself isn''t a prediction, but a query about one. The timeframe is clear, but the ''prediction'' is implicit and posed as a question.', 0.5, 0.45, NULL, '5D5FbRRUvQxdQnJLgNW6BdgZ86CRGreKRahzhxmdSj2REBnt', '2025-10-30 14:49:57.937818+00', '2025-10-30 14:49:57.937818+00', NULL);
INSERT INTO public.parsed_prediction VALUES ('019a3598-cdb7-70e4-9b63-418fdff2cb7e', '019a3598-cdb6-74c2-a319-2d6913055355', '[{"end": 55, "start": 22, "source": {"tweet_id": "625574382421684226"}}]', '[{"end": 67, "start": 56, "source": {"tweet_id": "625574382421684226"}}]', '019a3598-ac08-7d32-9329-7826852c937a', 85, 'Clear, specific prediction about a significant political event with a precise timeframe. High verifiability and consequentiality.', 1.0, 0.15, NULL, '5D5FbRRUvQxdQnJLgNW6BdgZ86CRGreKRahzhxmdSj2REBnt', '2025-10-30 14:49:57.937818+00', '2025-10-30 14:49:57.937818+00', NULL);
INSERT INTO public.parsed_prediction VALUES ('019a3598-cdba-74d4-9589-817fe72ce8f9', '019a3598-cdb8-7ab2-9caf-4afb958d5faf', '[{"end": 61, "start": 28, "source": {"tweet_id": "625574411538599940"}}]', '[{"end": 73, "start": 62, "source": {"tweet_id": "625574411538599940"}}]', '019a3598-ac08-7d32-9329-7826852c937a', 80, 'Clear, verifiable prediction with a specific timeframe. High consequentiality in the political and international relations sphere. The context tweet adds to the relevance by showing active discussion around his potential release.', 1.0, 0.15, NULL, '5D5FbRRUvQxdQnJLgNW6BdgZ86CRGreKRahzhxmdSj2REBnt', '2025-10-30 14:49:57.937818+00', '2025-10-30 14:49:57.937818+00', NULL);
INSERT INTO public.parsed_prediction VALUES ('019a3598-cdbc-768e-8ca3-46d2c053531f', '019a3598-cdbb-781b-b7a9-569b4df0dbc8', '[{"end": 68, "start": 35, "source": {"tweet_id": "626299301992529920"}}]', '[{"end": 83, "start": 72, "source": {"tweet_id": "626299301992529920"}}]', '019a3598-ac08-7d32-9329-7826852c937a', 85, 'Clear, specific prediction with a definite outcome and date. High verifiability and consequentiality. The tweet implies this was a past prediction that came true, indicating high conviction in the original claim.', 1.0, 0.05, NULL, '5D5FbRRUvQxdQnJLgNW6BdgZ86CRGreKRahzhxmdSj2REBnt', '2025-10-30 14:49:57.937818+00', '2025-10-30 14:49:57.937818+00', NULL);
INSERT INTO public.parsed_prediction VALUES ('019a3598-e3b4-76df-b090-a854e1a88cec', '019a3598-e3b3-76ee-829c-de1ba693be4b', '[{"end": 54, "start": 12, "source": {"tweet_id": "626318558092328960"}}]', '[{"end": 69, "start": 55, "source": {"tweet_id": "626318558092328960"}}]', '019a3598-e3b2-786f-b7fc-0e7ead9a3718', 85, 'Clear, specific, and verifiable prediction about a rocket launch. High impact for space enthusiasts and the company. The timeframe is precise, and the outcome is binary.', 1.0, 0.1, NULL, '5D5FbRRUvQxdQnJLgNW6BdgZ86CRGreKRahzhxmdSj2REBnt', '2025-10-30 14:50:03.568841+00', '2025-10-30 14:50:03.568841+00', NULL);
INSERT INTO public.parsed_prediction VALUES ('019a3598-f3d3-7271-b348-4834bca39f77', '019a3598-f3d2-72f4-aba5-efd479cfaae6', '[{"end": 29, "start": 11, "source": {"tweet_id": "1981064574192558343"}}]', '[{"end": 45, "start": 30, "source": {"tweet_id": "1981064574192558343"}}]', '019a3598-ac08-7d32-9329-7826852c937a', 75, 'Clear goal and specific timeframe from an external prediction platform. High verifiability and resolution. Consequential for France. The tweet itself is a summary of a prediction, not the original, which slightly impacts quality.', 0.9, 0.15, NULL, '5D5FbRRUvQxdQnJLgNW6BdgZ86CRGreKRahzhxmdSj2REBnt', '2025-10-30 14:50:07.695336+00', '2025-10-30 14:50:07.695336+00', NULL);
INSERT INTO public.parsed_prediction VALUES ('019a3599-3869-75f0-a7c0-eae488327e7c', '019a3599-3868-73d8-afb2-346cdd7a3311', '[{"end": 38, "start": 26, "source": {"tweet_id": "1981064563467428155"}}]', '[{"end": 46, "start": 39, "source": {"tweet_id": "1981064563467428155"}}]', '019a3598-ac08-7d32-9329-7826852c937a', 65, 'The prediction is clear and verifiable, with significant consequences. However, the exact nature of "civil war" is vague, impacting verifiability and resolution clarity. The timeframe is quite long.', 0.8, 0.65, NULL, '5D5FbRRUvQxdQnJLgNW6BdgZ86CRGreKRahzhxmdSj2REBnt', '2025-10-30 14:50:25.25359+00', '2025-10-30 14:50:25.25359+00', NULL);
INSERT INTO public.parsed_prediction VALUES ('019a3599-683d-7306-a32b-67490f86978c', '019a3599-683c-7401-ae63-e524b966182a', '[{"end": 38, "start": 20, "source": {"tweet_id": "1983665327407034692"}}]', '[{"end": 4, "start": 0, "source": {"tweet_id": "1983665327407034692"}}]', '019a3599-683b-768c-909c-55e94e6fb44b', 75, 'Clear goal and timeframe, high verifiability, and non-trivial prize. The context of a prediction contest adds to its relevance.', 1.0, 0.15, NULL, '5D5FbRRUvQxdQnJLgNW6BdgZ86CRGreKRahzhxmdSj2REBnt', '2025-10-30 14:50:37.497655+00', '2025-10-30 14:50:37.497655+00', NULL);
INSERT INTO public.parsed_prediction VALUES ('019a3599-386b-781c-9bb7-558036299f54', '019a3599-386a-7b4f-88bd-9121721f65e8', '[{"end": 31, "start": 11, "source": {"tweet_id": "1981064568819577052"}}]', '[{"end": 39, "start": 32, "source": {"tweet_id": "1981064568819577052"}}]', '019a3598-ac08-7d32-9329-7826852c937a', 75, 'The prediction is clear, verifiable, and has significant implications. The timeframe is specific, making it highly resolvable. Consequentiality is high due to the nature of a national bailout.', 0.9, 0.25, NULL, '5D5FbRRUvQxdQnJLgNW6BdgZ86CRGreKRahzhxmdSj2REBnt', '2025-10-30 14:50:25.25359+00', '2025-10-30 14:50:25.25359+00', NULL);
INSERT INTO public.parsed_prediction VALUES ('019a3599-386d-7c0b-8a9d-e7fb9f225b84', '019a3599-386c-7ef5-91f7-3b71078abff2', '[{"end": 29, "start": 11, "source": {"tweet_id": "1981064574192558343"}}]', '[{"end": 45, "start": 33, "source": {"tweet_id": "1981064574192558343"}}]', '019a3598-ac08-7d32-9329-7826852c937a', 65, 'The prediction is clear, specific, and verifiable, but lacks context on what ''grouping'' implies for its impact. The short timeframe and clear resolution boost its quality.', 0.9, 0.45, NULL, '5D5FbRRUvQxdQnJLgNW6BdgZ86CRGreKRahzhxmdSj2REBnt', '2025-10-30 14:50:25.25359+00', '2025-10-30 14:50:25.25359+00', NULL);
INSERT INTO public.parsed_prediction VALUES ('019a3599-386f-7e7b-96d2-58305b0645b5', '019a3599-386f-7157-94dd-10844d7aafc5', '[{"end": 211, "start": 167, "source": {"tweet_id": "1983606777234256123"}}]', '[{"end": 18, "start": 14, "source": {"tweet_id": "1983606777234256123"}}]', '019a3598-ac08-7d32-9329-7826852c937a', 80, 'The prediction is clear, specific, and based on a logical argument about SCOTUS timelines. The outcome is highly verifiable, and the impact of a tariff ruling is significant.', 0.9, 0.15, NULL, '5D5FbRRUvQxdQnJLgNW6BdgZ86CRGreKRahzhxmdSj2REBnt', '2025-10-30 14:50:25.25359+00', '2025-10-30 14:50:25.25359+00', NULL);
INSERT INTO public.parsed_prediction VALUES ('019a3599-3871-7f5a-a19c-40aec5414aa6', '019a3599-3871-71e3-b448-076707c4df75', '[{"end": 229, "start": 183, "source": {"tweet_id": "1983606772330905718"}}]', '[{"end": 191, "start": 187, "source": {"tweet_id": "1983606772330905718"}}]', '019a3598-ac01-7c64-9d0a-4f375da03ae5', 60, 'The prediction is clear that the 2025 F1 title race will be hard to pinpoint, implying it will be close or complex. It is verifiable but lacks specific details on ''how hard'' or ''why''.', 0.7, 0.45, NULL, '5D5FbRRUvQxdQnJLgNW6BdgZ86CRGreKRahzhxmdSj2REBnt', '2025-10-30 14:50:25.25359+00', '2025-10-30 14:50:25.25359+00', NULL);
INSERT INTO public.parsed_prediction VALUES ('019a3599-3875-7691-9baf-eae57b3aeb5c', '019a3599-3874-7a55-8888-9c4db4e0d0bc', '[{"end": 32, "start": 11, "source": {"tweet_id": "1983606777234256123"}}, {"end": 211, "start": 167, "source": {"tweet_id": "1983606777234256123"}}]', '[{"end": 18, "start": 14, "source": {"tweet_id": "1983606777234256123"}}, {"end": 18, "start": 14, "source": {"tweet_id": "1983606777234256123"}}]', '019a3598-ac08-7d32-9329-7826852c937a', 85, 'The prediction is highly specific about the outcome (no tariff ruling in 2025) and provides a clear timeframe. The reasoning presented suggests a high conviction level and the outcome is verifiable. It''s consequential for those affected by tariffs.', 0.9, 0.15, NULL, '5D5FbRRUvQxdQnJLgNW6BdgZ86CRGreKRahzhxmdSj2REBnt', '2025-10-30 14:50:25.25359+00', '2025-10-30 14:50:25.25359+00', NULL);
INSERT INTO public.parsed_prediction VALUES ('019a3599-3877-7781-8282-5364be8c33b3', '019a3599-3876-7b9c-b379-5ceca126b615', '[{"end": 227, "start": 144, "source": {"tweet_id": "1983606782887923833"}}]', '[{"end": 214, "start": 208, "source": {"tweet_id": "1983606782887923833"}}]', '019a3598-ac08-7d32-9329-7826852c937a', 75, 'Clear, verifiable negative prediction regarding a government target. The timeframe is specific, and the outcome is consequential and actionable.', 0.8, 0.25, NULL, '5D5FbRRUvQxdQnJLgNW6BdgZ86CRGreKRahzhxmdSj2REBnt', '2025-10-30 14:50:25.25359+00', '2025-10-30 14:50:25.25359+00', NULL);
INSERT INTO public.parsed_prediction VALUES ('019a3599-387a-70fc-a6bc-82bd4d316746', '019a3599-3878-7cb7-afea-b3a7405b9d0d', '[{"end": 217, "start": 191, "source": {"tweet_id": "1983606787417755990"}}]', '[{"end": 190, "start": 168, "source": {"tweet_id": "1983606787417755990"}}]', '019a3598-ac08-7d32-9329-7826852c937a', 60, 'The prediction is clear about the increased probability of US aggressive actions. The timeframe is vague, indicated by ''could pave the way for''. Verifiability is moderate, as ''aggressive actions'' can be subjective. Consequentiality is high due to international relations.', 0.7, 0.65, NULL, '5D5FbRRUvQxdQnJLgNW6BdgZ86CRGreKRahzhxmdSj2REBnt', '2025-10-30 14:50:25.25359+00', '2025-10-30 14:50:25.25359+00', NULL);
INSERT INTO public.parsed_prediction VALUES ('019a3599-5062-7726-a2de-4955f8f8c977', '019a3599-5061-77b5-84a2-50e68b16737a', '[{"end": 46, "start": 11, "source": {"tweet_id": "1981064563467428155"}}]', '[{"end": 46, "start": 39, "source": {"tweet_id": "1981064563467428155"}}]', '019a3598-ac08-7d32-9329-7826852c937a', 75, 'The prediction is clear, consequential, and verifiable. The timeframe is long, reducing immediate actionability, but the topic is highly significant. The source is a community forecast, implying some level of analytical depth.', 0.9, 0.15, NULL, '5D5FbRRUvQxdQnJLgNW6BdgZ86CRGreKRahzhxmdSj2REBnt', '2025-10-30 14:50:31.391541+00', '2025-10-30 14:50:31.391541+00', NULL);
INSERT INTO public.parsed_prediction VALUES ('019a3599-5065-71fc-9339-f5acf64c3577', '019a3599-5063-7d52-bcc0-54ef5e9d161a', '[{"end": 211, "start": 167, "source": {"tweet_id": "1983606777234256123"}}]', '[{"end": 18, "start": 14, "source": {"tweet_id": "1983606777234256123"}}]', '019a3598-ac08-7d32-9329-7826852c937a', 75, 'The prediction is clear, specific, and has a defined timeframe. The rationale for the unlikelihood is provided, increasing its verifiability. It''s consequential for those affected by Trump''s tariffs.', 0.9, 0.15, NULL, '5D5FbRRUvQxdQnJLgNW6BdgZ86CRGreKRahzhxmdSj2REBnt', '2025-10-30 14:50:31.391541+00', '2025-10-30 14:50:31.391541+00', NULL);
INSERT INTO public.parsed_prediction VALUES ('019a3599-5067-7432-bb7c-d95151e5232b', '019a3599-5066-7670-8936-5c3da172c342', '[{"end": 188, "start": 40, "source": {"tweet_id": "1983615797412163811"}}, {"end": 275, "start": 189, "source": {"tweet_id": "1983615797412163811"}}, {"end": 347, "start": 279, "source": {"tweet_id": "1983615797412163811"}}, {"end": 551, "start": 480, "source": {"tweet_id": "1983615797412163811"}}, {"end": 654, "start": 559, "source": {"tweet_id": "1983615797412163811"}}, {"end": 776, "start": 658, "source": {"tweet_id": "1983615797412163811"}}, {"end": 925, "start": 843, "source": {"tweet_id": "1983615797412163811"}}, {"end": 1000, "start": 926, "source": {"tweet_id": "1983615797412163811"}}]', '[{"end": 142, "start": 116, "source": {"tweet_id": "1983615789342302441"}}, {"end": 91, "start": 84, "source": {"tweet_id": "1983615797412163811"}}, {"end": 275, "start": 263, "source": {"tweet_id": "1983615797412163811"}}, {"end": 1000, "start": 986, "source": {"tweet_id": "1983615797412163811"}}, {"end": 104, "start": 100, "source": {"tweet_id": "1983615797412163811"}}]', '019a3598-e3b2-786f-b7fc-0e7ead9a3718', 85, 'Predictions are highly specific with clear numbers and trends for disease prevalence, vaccination rates, and peak times. They are verifiable and consequential, backed by a formal outlook report.', 0.9, 0.15, NULL, '5D5FbRRUvQxdQnJLgNW6BdgZ86CRGreKRahzhxmdSj2REBnt', '2025-10-30 14:50:31.391541+00', '2025-10-30 14:50:31.391541+00', NULL);
INSERT INTO public.parsed_prediction VALUES ('019a3599-5069-7782-9195-a1b62ad99477', '019a3599-5068-7baf-97cb-ddfe2ca55871', '[{"end": 188, "start": 40, "source": {"tweet_id": "1983615797412163811"}}]', '[{"end": 91, "start": 84, "source": {"tweet_id": "1983615797412163811"}}]', '019a3598-e3b2-786f-b7fc-0e7ead9a3718', 85, 'The prediction is highly specific regarding the outcome (721 measles cases) and timeframe (2026), making it easily verifiable. The topic is consequential for public health. The confidence is high as it''s a forecast from a report.', 0.9, 0.15, NULL, '5D5FbRRUvQxdQnJLgNW6BdgZ86CRGreKRahzhxmdSj2REBnt', '2025-10-30 14:50:31.391541+00', '2025-10-30 14:50:31.391541+00', NULL);
INSERT INTO public.parsed_prediction VALUES ('019a3599-683f-7204-8468-737e952932cb', '019a3599-683e-7652-8285-b89bb7cec870', '[{"end": 92, "start": 26, "source": {"tweet_id": "615796748468916224"}}]', '[{"end": 103, "start": 93, "source": {"tweet_id": "615796748468916224"}}]', '019a3598-ac08-7d32-9329-7826852c937a', 75, 'Clear, specific prediction about a legal outcome within a definite timeframe. High verifiability and consequentiality. The negative phrasing doesn''t detract from quality.', 0.9, 0.15, NULL, '5D5FbRRUvQxdQnJLgNW6BdgZ86CRGreKRahzhxmdSj2REBnt', '2025-10-30 14:50:37.497655+00', '2025-10-30 14:50:37.497655+00', NULL);
INSERT INTO public.parsed_prediction VALUES ('019a3599-6841-7435-a196-f68efe190e6e', '019a3599-6840-76a9-a92b-6552bf95d11c', '[{"end": 61, "start": 22, "source": {"tweet_id": "615797234093821952"}}]', '[{"end": 80, "start": 62, "source": {"tweet_id": "615797234093821952"}}]', '019a3598-ac08-7d32-9329-7826852c937a', 75, 'Clear, verifiable prediction about international relations with a specific negative outcome and timeline. High relevance and moderate foresight.', 0.9, 0.15, NULL, '5D5FbRRUvQxdQnJLgNW6BdgZ86CRGreKRahzhxmdSj2REBnt', '2025-10-30 14:50:37.497655+00', '2025-10-30 14:50:37.497655+00', NULL);
INSERT INTO public.parsed_prediction VALUES ('019a3599-78db-7710-b91b-c23b3644d57c', '019a3599-78da-770f-9ac9-21315dc9abfe', '[{"end": 60, "start": 12, "source": {"tweet_id": "620499468220133376"}}]', '[{"end": 75, "start": 61, "source": {"tweet_id": "620499468220133376"}}]', '019a3598-ac08-7d32-9329-7826852c937a', 75, 'Clear, verifiable, and consequential prediction about a political event with a defined timeframe. The prediction is specific enough for verification.', 1.0, 0.15, NULL, '5D5FbRRUvQxdQnJLgNW6BdgZ86CRGreKRahzhxmdSj2REBnt', '2025-10-30 14:50:41.752456+00', '2025-10-30 14:50:41.752456+00', NULL);
INSERT INTO public.parsed_prediction VALUES ('019a3599-78dd-782a-9b8a-6ef9cf310135', '019a3599-78dc-7b76-a9cb-4428a62b4ddf', '[{"end": 91, "start": 49, "source": {"tweet_id": "622741096116805633"}}]', '[{"end": 47, "start": 29, "source": {"tweet_id": "622741096116805633"}}]', '019a3598-ac08-7d32-9329-7826852c937a', 75, 'Clear goal and high conviction. "Not going anywhere" implies an extended, but unspecified, timeframe. High stakes and verifiable outcome.', 0.9, 0.45, NULL, '5D5FbRRUvQxdQnJLgNW6BdgZ86CRGreKRahzhxmdSj2REBnt', '2025-10-30 14:50:41.752456+00', '2025-10-30 14:50:41.752456+00', NULL);
INSERT INTO public.parsed_prediction VALUES ('019a3599-78e0-7260-a593-b195fd520725', '019a3599-78de-7b0d-af2d-17c197f934ed', '[{"end": 63, "start": 16, "source": {"tweet_id": "622741817620979712"}}]', '[{"end": 78, "start": 64, "source": {"tweet_id": "622741817620979712"}}]', '019a3598-ac08-7d32-9329-7826852c937a', 75, 'Clear, verifiable political prediction with a specific outcome and timeframe. High consequentiality for those affected by Israeli politics. The "We predict" indicates high conviction.', 1.0, 0.15, NULL, '5D5FbRRUvQxdQnJLgNW6BdgZ86CRGreKRahzhxmdSj2REBnt', '2025-10-30 14:50:41.752456+00', '2025-10-30 14:50:41.752456+00', NULL);
INSERT INTO public.parsed_prediction VALUES ('019a3599-78e2-72b3-bdd0-a724b9b79124', '019a3599-78e1-7644-a986-629ddbeacfef', '[{"end": 47, "start": 0, "source": {"tweet_id": "622742141723283457"}}]', '[{"end": 61, "start": 48, "source": {"tweet_id": "622742141723283457"}}]', '019a3598-ac08-7d32-9329-7826852c937a', 65, 'The prediction is clear, verifiable, and concerns a significant political event. The ''at this stage'' timeframe is somewhat vague, impacting resolution clarity and verifiability.', 1.0, 0.4, NULL, '5D5FbRRUvQxdQnJLgNW6BdgZ86CRGreKRahzhxmdSj2REBnt', '2025-10-30 14:50:41.752456+00', '2025-10-30 14:50:41.752456+00', NULL);
INSERT INTO public.parsed_prediction VALUES ('019a3599-8a9d-7641-98cd-d5d824baafc0', '019a3599-8a9c-7610-ab97-c06a34ac7ff1', '[{"end": 80, "start": 0, "source": {"tweet_id": "622741394126340096"}}]', '[{"end": 99, "start": 81, "source": {"tweet_id": "622741394126340096"}}]', '019a3598-ac08-7d32-9329-7826852c937a', 65, 'The prediction is clear, verifiable, and has significant political implications. The 50/50 chance statement indicates a specific level of conviction, though it''s a neutral one. The timeframe is precise.', 0.5, 0.2, NULL, '5D5FbRRUvQxdQnJLgNW6BdgZ86CRGreKRahzhxmdSj2REBnt', '2025-10-30 14:50:46.298491+00', '2025-10-30 14:50:46.298491+00', NULL);
INSERT INTO public.parsed_prediction VALUES ('019a3599-8a9f-7f3a-8f16-e1ce7fef55b2', '019a3599-8a9f-73a5-8478-80c815337654', '[{"end": 60, "start": 10, "source": {"tweet_id": "623032298297032704"}}]', '[{"end": 80, "start": 61, "source": {"tweet_id": "623032298297032704"}}]', '019a3598-ac08-7d32-9329-7826852c937a', 75, 'Clear, specific, and verifiable prediction about a significant geopolitical event with a defined timeframe. The question format implies a binary outcome, making verification straightforward. High consequentiality and resolution clarity.', 0.7, 0.1, NULL, '5D5FbRRUvQxdQnJLgNW6BdgZ86CRGreKRahzhxmdSj2REBnt', '2025-10-30 14:50:46.298491+00', '2025-10-30 14:50:46.298491+00', NULL);
INSERT INTO public.parsed_prediction VALUES ('019a3599-a1b0-7867-8c68-ec96f111f946', '019a3599-a1af-7589-a1f8-f8445d7c9bbf', '[{"end": 53, "start": 37, "source": {"tweet_id": "1973485717830717498"}}]', '[{"end": 82, "start": 54, "source": {"tweet_id": "1973485717830717498"}}]', '019a3599-683b-768c-909c-55e94e6fb44b', 60, 'The prediction is clear and verifiable, stating a competition will run until year-end. It''s consequential for participants. Quality is moderate as it''s an announcement rather than a speculative forecast.', 1.0, 0.15, NULL, '5D5FbRRUvQxdQnJLgNW6BdgZ86CRGreKRahzhxmdSj2REBnt', '2025-10-30 14:50:52.205148+00', '2025-10-30 14:50:52.205148+00', NULL);
INSERT INTO public.parsed_prediction VALUES ('019a3599-a1b2-7f78-b7af-2d08c305962b', '019a3599-a1b2-70d2-bac9-e23ea6bda883', '[{"end": 91, "start": 11, "source": {"tweet_id": "1974484795607396625"}}]', '[{"end": 61, "start": 52, "source": {"tweet_id": "1974484795607396625"}}]', '019a3598-e3b2-786f-b7fc-0e7ead9a3718', 65, 'The prediction is clear about the event and its impact, with a specific timeframe. Verifiability is high for the proof and moderate for the ''world never being the same''. High consequentiality, but the ''never be the same'' part is vague.', 0.9, 0.45, NULL, '5D5FbRRUvQxdQnJLgNW6BdgZ86CRGreKRahzhxmdSj2REBnt', '2025-10-30 14:50:52.205148+00', '2025-10-30 14:50:52.205148+00', NULL);
INSERT INTO public.parsed_prediction VALUES ('019a3599-a1b5-7041-a3a0-486aceb0f386', '019a3599-a1b4-73b4-96e2-d07d19e3ef63', '[{"end": 17, "start": 0, "source": {"tweet_id": "1976355713036501235"}}]', '[{"end": 25, "start": 18, "source": {"tweet_id": "1976355713036501235"}}]', '019a3598-ac08-7d32-9329-7826852c937a', 60, 'The prediction is clear and verifiable, with a specific timeframe. It addresses a significant geopolitical issue, making it consequential. The phrasing is a question, which slightly reduces conviction, but the embedded ''Currently 82%'' implies a strong expectation.', 0.82, 0.10, NULL, '5D5FbRRUvQxdQnJLgNW6BdgZ86CRGreKRahzhxmdSj2REBnt', '2025-10-30 14:50:52.205148+00', '2025-10-30 14:50:52.205148+00', NULL);
INSERT INTO public.parsed_prediction VALUES ('019a3599-b45e-7341-930b-f0c1abb037d6', '019a3599-b45d-7495-987f-ccddb74ba247', '[{"end": 109, "start": 38, "source": {"tweet_id": "1976700950128603457"}}]', '[{"end": 95, "start": 90, "source": {"tweet_id": "1976700950128603457"}}]', '019a3599-b45c-7741-85db-84245ee46c0c', 60, 'The prediction is clear, but the timeframe ''later'' is vague. The impact of quantum computing breaking encrypted data is significant, making it consequential. Verifiability is high, as it would be evident if data stolen now is broken by quantum methods later.', 0.7, 0.65, NULL, '5D5FbRRUvQxdQnJLgNW6BdgZ86CRGreKRahzhxmdSj2REBnt', '2025-10-30 14:50:56.986992+00', '2025-10-30 14:50:56.986992+00', NULL);
INSERT INTO public.parsed_prediction VALUES ('019a359a-029a-7837-a65d-691967a23e97', '019a359a-0298-7f08-b0e8-d13369a03be5', '[{"end": 196, "start": 160, "source": {"tweet_id": "1978222136046051819"}}, {"end": 222, "start": 199, "source": {"tweet_id": "1978222136046051819"}}, {"end": 243, "start": 225, "source": {"tweet_id": "1978222136046051819"}}]', '[{"end": 155, "start": 140, "source": {"tweet_id": "1978222136046051819"}}]', '019a3599-b45c-7741-85db-84245ee46c0c', 65, 'The prediction is clear about the actions (beat bot, close gap, consistently) but lacks a specific end-date, making the timeframe somewhat vague. The impact is significant for AI forecasting.', 0.8, 0.55, NULL, '5D5FbRRUvQxdQnJLgNW6BdgZ86CRGreKRahzhxmdSj2REBnt', '2025-10-30 14:51:17.014389+00', '2025-10-30 14:51:17.014389+00', NULL);
INSERT INTO public.parsed_prediction VALUES ('019a359a-10bc-729a-9888-07a3146e6ba6', '019a359a-10bb-73d7-a1ad-6d3f9a909209', '[{"end": 30, "start": 0, "source": {"tweet_id": "1977820991607697421"}}]', '[{"end": 39, "start": 31, "source": {"tweet_id": "1977820991607697421"}}]', '019a359a-10ba-7807-afd7-6dc7d321b842', 70, 'The prediction is clear, verifiable, and has a specific timeframe. The consequentiality is moderate, relating to a competition.', 0.9, 0.15, NULL, '5D5FbRRUvQxdQnJLgNW6BdgZ86CRGreKRahzhxmdSj2REBnt', '2025-10-30 14:51:20.633231+00', '2025-10-30 14:51:20.633231+00', NULL);
INSERT INTO public.parsed_prediction VALUES ('019a359a-6d2f-7055-9ea7-104066dfcf08', '019a359a-6d2d-799e-931e-65e3c8a7e57f', '[{"end": 23, "start": 0, "source": {"tweet_id": "1978875349644570966"}}]', '[{"end": 54, "start": 26, "source": {"tweet_id": "1978875349644570966"}}]', '019a3599-b45c-7741-85db-84245ee46c0c', 50, 'The tweet presents a prediction about which company will develop AGI first, based on current forecasts. The timeframe is implied as ''first'' relative to others. The quality is moderate due to the general nature of ''first'' and the uncertainty of AGI development.', 0.7, 0.65, NULL, '5D5FbRRUvQxdQnJLgNW6BdgZ86CRGreKRahzhxmdSj2REBnt', '2025-10-30 14:51:44.297133+00', '2025-10-30 14:51:44.297133+00', NULL);


--
-- Data for Name: scraped_tweet; Type: TABLE DATA; Schema: public; Owner: postgres
--

INSERT INTO public.scraped_tweet VALUES (628519810301825025, '"“Polls don’t always tell the whole story because the same “weight” is applied to each voter’s answer and they... http://t.co/VA2IqgBCNB', 3260797945, '2015-08-04 10:56:14+00', NULL, 628519810301825025, NULL, NULL, '2025-10-30 14:48:10.451322+00', '2025-10-30 14:48:10.451322+00', NULL);
INSERT INTO public.scraped_tweet VALUES (628081484839153668, 'Bad news for both robot and human lovers: the Canadian HitchBOT meets demise in Philadelphia After Two Weeks in... http://t.co/NbyTaOtDp5', 3260797945, '2015-08-03 05:54:29+00', NULL, 628081484839153668, NULL, NULL, '2025-10-30 14:48:10.451322+00', '2025-10-30 14:48:10.451322+00', NULL);
INSERT INTO public.scraped_tweet VALUES (627133608701108224, 'Another prediction comes true, as Beijing was selected to host the 2022 winter Olympics.

In this blog post:... http://t.co/d9gD7qDt4d', 3260797945, '2015-07-31 15:07:58+00', NULL, 627133608701108224, NULL, NULL, '2025-10-30 14:48:10.451322+00', '2025-10-30 14:48:10.451322+00', NULL);
INSERT INTO public.scraped_tweet VALUES (624450863730434048, 'THINK YOU CAN BE A SUPER FORECASTER?
We Would Like To Test Just That!

We are seeking for curious knowledgeable... http://t.co/SqTusrBFxo', 3260797945, '2015-07-24 05:27:42+00', NULL, 624450863730434048, NULL, NULL, '2025-10-30 14:48:10.451322+00', '2025-10-30 14:48:10.451322+00', NULL);
INSERT INTO public.scraped_tweet VALUES (624156844269809664, 'Science &amp; Tech experts predict now http://t.co/M5VqflfGoF', 3260797945, '2015-07-23 09:59:22+00', NULL, 624156844269809664, NULL, NULL, '2025-10-30 14:48:10.451322+00', '2025-10-30 14:48:10.451322+00', NULL);
INSERT INTO public.scraped_tweet VALUES (624156695804030977, 'Predict future outcomes of popular Science and Technology topics #science #technology http://t.co/M5VqflfGoF', 3260797945, '2015-07-23 09:58:47+00', NULL, 624156695804030977, NULL, NULL, '2025-10-30 14:48:10.451322+00', '2025-10-30 14:48:10.451322+00', NULL);
INSERT INTO public.scraped_tweet VALUES (623098180079624192, 'Whether you’re trying to research a specific matter or decide on future outcomes and their probabilities – you... http://t.co/QWqjgywktT', 3260797945, '2015-07-20 11:52:37+00', NULL, 623098180079624192, NULL, NULL, '2025-10-30 14:48:10.451322+00', '2025-10-30 14:48:10.451322+00', NULL);
INSERT INTO public.scraped_tweet VALUES (623097737261748225, 'Post Edited: 6 common Psychological biases that may harm your good judgment http://t.co/QFNzxtyMqp', 3260797945, '2015-07-20 11:50:51+00', NULL, 623097737261748225, NULL, NULL, '2025-10-30 14:48:10.451322+00', '2025-10-30 14:48:10.451322+00', NULL);
INSERT INTO public.scraped_tweet VALUES (623096756419592193, 'New post: 6 common Psychological biases that may harm your good judgment http://t.co/QFNzxtyMqp', 3260797945, '2015-07-20 11:46:57+00', NULL, 623096756419592193, NULL, NULL, '2025-10-30 14:48:10.451322+00', '2025-10-30 14:48:10.451322+00', NULL);
INSERT INTO public.scraped_tweet VALUES (622742561686425604, 'WORLD-LEADERS STABILITY FORECAST JULY 2015
We have been monitoring some of the world leaders current political... http://t.co/vV4ohYdNds', 3260797945, '2015-07-19 12:19:31+00', NULL, 622742561686425604, NULL, NULL, '2025-10-30 14:48:11.800422+00', '2025-10-30 14:48:11.800422+00', NULL);
INSERT INTO public.scraped_tweet VALUES (1983665325192388834, 'Which questions do you want to see in the 2026 ACX Prediction Contest? https://t.co/YVeOVhKEkq', 4117238354, '2025-10-29 22:40:42+00', NULL, 1983665325192388834, NULL, NULL, '2025-10-30 14:48:10.727382+00', '2025-10-30 14:48:10.727382+00', NULL);
INSERT INTO public.scraped_tweet VALUES (1983660089207877745, '@deTEfabulaNar_ @Polymarket @Kalshi Some forecasting tournaments with prize pools here: https://t.co/WGOG39lW7e https://t.co/FK9A7QtqxC', 4117238354, '2025-10-29 22:19:54+00', NULL, 1983496307428725104, 1983496307428725104, NULL, '2025-10-30 14:48:10.727382+00', '2025-10-30 14:48:10.727382+00', NULL);
INSERT INTO public.scraped_tweet VALUES (1983653670769324422, '@OmoIyaaWese Some prize pool tournaments here. Prediction platform, not markets: 
https://t.co/WGOG39lW7e https://t.co/5ZUfY1SMXS', 4117238354, '2025-10-29 21:54:24+00', NULL, 1983498077483810892, 1983498077483810892, NULL, '2025-10-30 14:48:10.727382+00', '2025-10-30 14:48:10.727382+00', NULL);
INSERT INTO public.scraped_tweet VALUES (622740806521065472, 'WORLD-LEADERS STABILITY FORECAST JULY 2015 #Putin #Erdogan #Syria #syriacrisis http://t.co/BeSzqE0Qh8', 3260797945, '2015-07-19 12:12:32+00', NULL, 622740806521065472, NULL, NULL, '2025-10-30 14:48:11.800422+00', '2025-10-30 14:48:11.800422+00', NULL);
INSERT INTO public.scraped_tweet VALUES (1983615797412163811, 'Key Takeaways from October''s update:

• Measles is expected to see lower prevalence in 2026 than in 2025, but well above the trend in recent decades, with forecasters predicting 721 cases. In 2025 there have been 1,618 cases so far, and forecasters predict 1,874 by year end.

• COVID-19 vaccinations are expected to see a decline from prior years, due to a combination of factors including changes in recommendations, reduced promotional efforts, and overall vaccine skepticism. Flu vaccinations are expected to remain largely stable from prior years, while RSV immunization coverage is expected to increase due to new products released in recent years.

• The combined and individual peak prevalence of flu, COVID-19, and RSV are expected to be somewhat lower than last year, based on peak hospitalizations per 100,000 reported by RESP-NET. The combined prevalence is expected to be roughly 11% lower than last year''s peak. The combined and individual peaks are predicted to occur in early January.', 4117238354, '2025-10-29 19:23:54+00', NULL, 1983615789342302441, 1983615789342302441, NULL, '2025-10-30 14:48:10.727382+00', '2025-10-30 14:48:10.727382+00', NULL);
INSERT INTO public.scraped_tweet VALUES (622737059262951424, 'New post: World-Leaders Stability Forecast July 2015 http://t.co/M3JczJyPAQ', 3260797945, '2015-07-19 11:57:39+00', NULL, 622737059262951424, NULL, NULL, '2025-10-30 14:48:11.800422+00', '2025-10-30 14:48:11.800422+00', NULL);
INSERT INTO public.scraped_tweet VALUES (620499968680460288, 'Prediction: the next general elections in Israel will happen during... Read on to find out!... http://t.co/wrEnFDMXL5', 3260797945, '2015-07-13 07:48:15+00', NULL, 620499968680460288, NULL, NULL, '2025-10-30 14:48:11.800422+00', '2025-10-30 14:48:11.800422+00', NULL);
INSERT INTO public.scraped_tweet VALUES (625574292189638656, '@washingtonpost Prediction: Jonathan Pollard will be released during 2015 http://t.co/eW4dllOS7D', 3260797945, '2015-07-27 07:51:48+00', NULL, 624728673699147776, 624728673699147776, '019a3598-bbf3-7618-a41f-e167b78d8d23', '2025-10-30 14:48:10.451322+00', '2025-10-30 14:49:53.395+00', NULL);
INSERT INTO public.scraped_tweet VALUES (625574319423229952, '@nytimes Prediction: Jonathan Pollard will be released during 2015 http://t.co/eW4dllOS7D', 3260797945, '2015-07-27 07:51:55+00', NULL, 624753618370080768, 624753618370080768, '019a3598-bbf5-7fcb-9cd9-0055863c9eb2', '2025-10-30 14:48:10.451322+00', '2025-10-30 14:49:53.398+00', NULL);
INSERT INTO public.scraped_tweet VALUES (625566066337521664, 'WHICH CITY WILL BE SELECTED TO HOST THE 2022 WINTER OLYMPICS?
click to find out http://t.co/n3lUzvknSA', 3260797945, '2015-07-27 07:19:07+00', NULL, 625566066337521664, NULL, '019a3598-cdb4-7003-b62c-adbf1230f5f9', '2025-10-30 14:48:10.451322+00', '2025-10-30 14:49:57.94+00', NULL);
INSERT INTO public.scraped_tweet VALUES (625574382421684226, '@Newsweek Prediction: Jonathan Pollard will be released during 2015 http://t.co/eW4dllOS7D', 3260797945, '2015-07-27 07:52:10+00', NULL, 625006604119740420, 625006604119740420, '019a3598-cdb6-74c2-a319-2d6913055355', '2025-10-30 14:48:10.451322+00', '2025-10-30 14:49:57.942+00', NULL);
INSERT INTO public.scraped_tweet VALUES (625574411538599940, '@HuffingtonPost Prediction: Jonathan Pollard will be released during 2015 http://t.co/eW4dllOS7D', 3260797945, '2015-07-27 07:52:16+00', NULL, 625093697697411072, 625093697697411072, '019a3598-cdb8-7ab2-9caf-4afb958d5faf', '2025-10-30 14:48:10.451322+00', '2025-10-30 14:49:57.945+00', NULL);
INSERT INTO public.scraped_tweet VALUES (626318558092328960, 'Prediction: the next @SpaceX Falcon rocket be launched during Q4 2015h ttp://bit.ly/1JReUMU #spacex #NASA', 3260797945, '2015-07-29 09:09:15+00', NULL, 626318558092328960, NULL, '019a3598-e3b3-76ee-829c-de1ba693be4b', '2025-10-30 14:48:10.451322+00', '2025-10-30 14:50:03.571+00', NULL);
INSERT INTO public.scraped_tweet VALUES (1983615800985710875, 'Read the full report:
https://t.co/YkVGV179Bd
(Forecasts do not necessarily reflect CDC views.)

Share your predictions here:
https://t.co/kpesXSotv9', 4117238354, '2025-10-29 19:23:55+00', NULL, 1983615789342302441, 1983615797412163811, '019a3599-5068-7baf-97cb-ddfe2ca55871', '2025-10-30 14:48:10.727382+00', '2025-10-30 14:50:31.4+00', NULL);
INSERT INTO public.scraped_tweet VALUES (1983665327407034692, '2026 will feature a $10,000 prize pool. Bots welcome.

2025 &amp; 2024 contests for context: https://t.co/FBb7nd35Oh
https://t.co/tybRrD35dR

Resources for building a forecasting bot: https://t.co/E7FqjEKv3y', 4117238354, '2025-10-29 22:40:43+00', NULL, 1983665325192388834, 1983665325192388834, '019a3599-683c-7401-ae63-e524b966182a', '2025-10-30 14:48:10.727382+00', '2025-10-30 14:50:37.5+00', NULL);
INSERT INTO public.scraped_tweet VALUES (622741096116805633, 'Bashar Al Assad is currently not going anywhere. He is going to stay the president of Syria #Syria #syriacrisis http://t.co/BeSzqE0Qh8', 3260797945, '2015-07-19 12:13:41+00', NULL, 622741096116805633, NULL, '019a3599-78dc-7b76-a9cb-4428a62b4ddf', '2025-10-30 14:48:11.800422+00', '2025-10-30 14:50:41.756+00', NULL);
INSERT INTO public.scraped_tweet VALUES (622741817620979712, 'We predict that new general elections in Israel will take place before 6/30/17 #bibi #Israel http://t.co/BeSzqE0Qh8 #elections', 3260797945, '2015-07-19 12:16:33+00', NULL, 622741817620979712, NULL, '019a3599-78de-7b0d-af2d-17c197f934ed', '2025-10-30 14:48:11.800422+00', '2025-10-30 14:50:41.758+00', NULL);
INSERT INTO public.scraped_tweet VALUES (622742141723283457, 'Snap elections will not be announced by Erdogan at this stage http://t.co/BeSzqE0Qh8  #turkeyelections #turkey #Erdogan', 3260797945, '2015-07-19 12:17:51+00', NULL, 622742141723283457, NULL, '019a3599-78e1-7644-a986-629ddbeacfef', '2025-10-30 14:48:11.800422+00', '2025-10-30 14:50:41.761+00', NULL);
INSERT INTO public.scraped_tweet VALUES (622741394126340096, 'Alexis Tsipras chair is rocking heavily with 50/50 chances to leave the PM chair by the end of 2015 #Greece #grexit  http://t.co/BeSzqE0Qh8', 3260797945, '2015-07-19 12:14:52+00', NULL, 622741394126340096, NULL, '019a3599-8a9c-7610-ab97-c06a34ac7ff1', '2025-10-30 14:48:11.800422+00', '2025-10-30 14:50:46.3+00', NULL);
INSERT INTO public.scraped_tweet VALUES (623032298297032704, 'New post: Will Israel physically strike Iran Nuclear program by the end of 2015? http://t.co/LIHfA4CgLM', 3260797945, '2015-07-20 07:30:49+00', NULL, 623032298297032704, NULL, '019a3599-8a9f-73a5-8478-80c815337654', '2025-10-30 14:48:11.800422+00', '2025-10-30 14:50:46.303+00', NULL);
INSERT INTO public.scraped_tweet VALUES (1983606791763034472, '5th Place: New Glenn Recovery Odds
Zaldath highlights the stark contrast between Blue Origin''s optimistic 75% booster recovery estimate and external predictions as low as 10-20%, attributing this significant disparity to the company''s reliance on limited real-world testing.

"Their internal estimate for successful booster recovery is **75%**, which can be seen as very optimistic (likely due to investor/leadership/customer pressure to portray confidence)."

Full comment: https://t.co/mEdmEHJSTQ', 4117238354, '2025-10-29 18:48:07+00', NULL, 1983606766287122445, 1983606787417755990, NULL, '2025-10-30 14:48:10.727382+00', '2025-10-30 14:48:10.727382+00', NULL);
INSERT INTO public.scraped_tweet VALUES (1981073202119155716, 'Nice use of crowd forecasts in academic work. MIT Sloan studies AI release events, yields, and includes Metaculus AI forecasts in the analysis.', 4117238354, '2025-10-22 19:00:32+00', 1981029031110721982, 1981073202119155716, NULL, NULL, '2025-10-30 14:48:10.727382+00', '2025-10-30 14:48:10.727382+00', NULL);
INSERT INTO public.scraped_tweet VALUES (1980390322271318220, 'Predict here: https://t.co/WkN3dLy4Q8', 4117238354, '2025-10-20 21:47:01+00', NULL, 1980390319964508173, 1980390319964508173, NULL, '2025-10-30 14:48:12.462969+00', '2025-10-30 14:48:12.462969+00', NULL);
INSERT INTO public.scraped_tweet VALUES (1980390319964508173, 'They say the third million is neither the hardest nor the easiest.

Predict when we reach 3,000,000. Win a prize. 

Link 👇 https://t.co/KZRZZpaGDw', 4117238354, '2025-10-20 21:47:00+00', NULL, 1980390319964508173, NULL, NULL, '2025-10-30 14:48:12.462969+00', '2025-10-30 14:48:12.462969+00', NULL);
INSERT INTO public.scraped_tweet VALUES (1979297094507590095, 'About to celebrate the big 3,000,000.
Predict the day we cross the threshold and win Metaculus merch.

Go here: 
https://t.co/WkN3dLxx0A
(Dataset helpfully provided. The merch is a hat.) https://t.co/VnX0Yl9V5G', 4117238354, '2025-10-17 21:22:55+00', NULL, 1979297094507590095, NULL, NULL, '2025-10-30 14:48:12.462969+00', '2025-10-30 14:48:12.462969+00', NULL);
INSERT INTO public.scraped_tweet VALUES (1978915804843327716, '@emollick working on something https://t.co/Jznu6ebVZn', 4117238354, '2025-10-16 20:07:49+00', NULL, 1978796026971504934, 1978796026971504934, NULL, '2025-10-30 14:48:12.462969+00', '2025-10-30 14:48:12.462969+00', NULL);
INSERT INTO public.scraped_tweet VALUES (1978914821413208164, '@nickcammarata link https://t.co/CoSbIfLbRk https://t.co/5Ra0L3I6kq', 4117238354, '2025-10-16 20:03:54+00', NULL, 1978901357026512908, 1978914282155696281, NULL, '2025-10-30 14:48:12.462969+00', '2025-10-30 14:48:12.462969+00', NULL);
INSERT INTO public.scraped_tweet VALUES (1978914282155696281, '@nickcammarata you mean Cory? https://t.co/bLcyDgGkGg', 4117238354, '2025-10-16 20:01:45+00', NULL, 1978901357026512908, 1978901357026512908, NULL, '2025-10-30 14:48:12.462969+00', '2025-10-30 14:48:12.462969+00', NULL);
INSERT INTO public.scraped_tweet VALUES (1981064576549449988, 'See more Top Comments, and vote on those currently in the running here:
https://t.co/D4zmSRWTK9', 4117238354, '2025-10-22 18:26:16+00', NULL, 1981064552948388073, 1981064574192558343, '019a3599-5061-77b5-84a2-50e68b16737a', '2025-10-30 14:48:10.727382+00', '2025-10-30 14:50:31.393+00', NULL);
INSERT INTO public.scraped_tweet VALUES (1983606793763987514, 'Read more and vote on the current week''s comments here: https://t.co/jxygSTkl42', 4117238354, '2025-10-29 18:48:07+00', NULL, 1983606766287122445, 1983606791763034472, '019a3599-5063-7d52-bcc0-54ef5e9d161a', '2025-10-30 14:48:10.727382+00', '2025-10-30 14:50:31.395+00', NULL);
INSERT INTO public.scraped_tweet VALUES (1983615789342302441, 'Our monthly Respiratory Outlook update, provided to @CDCgov, forecasts influenza, COVID-19, RSV, and measles trends for the US 2025–26 season.

Key takeaways, full report, and forecast questions in thread. https://t.co/ZYoc5DfA5y', 4117238354, '2025-10-29 19:23:52+00', NULL, 1983615789342302441, NULL, '019a3599-5066-7670-8936-5c3da172c342', '2025-10-30 14:48:10.727382+00', '2025-10-30 14:50:31.398+00', NULL);
INSERT INTO public.scraped_tweet VALUES (1977440958959505569, '@katanationcyber @SECGov @NaorisProtocol For the curious: https://t.co/cttAfvmN0X https://t.co/TVdpV2UrdR', 4117238354, '2025-10-12 18:27:18+00', NULL, 1976700950128603457, 1976700950128603457, '019a3599-b45d-7495-987f-ccddb74ba247', '2025-10-30 14:48:12.462969+00', '2025-10-30 14:50:56.989+00', NULL);
INSERT INTO public.scraped_tweet VALUES (1978222136046051819, '@_Mantic_AI Very, very impressive work. We’re watching Mantic’s progress closely, especially in our more rigorous AI Forecasting Benchmark. Next thresholds:

- beat Metaculus''s own forecasting bot
- close the gap with Pros
- do it consistently

Best of luck.', 4117238354, '2025-10-14 22:11:25+00', NULL, 1977773692693152103, 1977773692693152103, '019a359a-0298-7f08-b0e8-d13369a03be5', '2025-10-30 14:48:12.462969+00', '2025-10-30 14:51:17.017+00', NULL);
INSERT INTO public.scraped_tweet VALUES (1977820991607697421, 'New MiniBench is live, running to Nov 8 with a $1,000 prize pool. Bot-only forecasting providing fast feedback. Learn more and compete: https://t.co/TeA0Xs5Pih

And, some thoughtful analysis by competitor Jeff Mohl at Predictably, looking at calibration, hallucinations, and more: https://t.co/BdvfEckYMx

Find results and discussion for the last round of MiniBench here: https://t.co/uHIRJL12iS', 4117238354, '2025-10-13 19:37:25+00', NULL, 1977820991607697421, NULL, '019a359a-10bb-73d7-a1ad-6d3f9a909209', '2025-10-30 14:48:12.462969+00', '2025-10-30 14:51:20.635+00', NULL);
INSERT INTO public.scraped_tweet VALUES (1978875349644570966, 'Who develops AGI first? 

Current aggregate forecasts:
Alphabet - 36.4%
@OpenAI - 23.2%
@AnthropicAI - 15.9%
@Meta - 10.5%
@xai - 3.8%
(Other - 10.2%)

What do you think? Predict here: 
https://t.co/RCKr8CKXNl https://t.co/ujAvLE85ml', 4117238354, '2025-10-16 17:27:03+00', NULL, 1978875349644570966, NULL, '019a359a-6d2d-799e-931e-65e3c8a7e57f', '2025-10-30 14:48:12.462969+00', '2025-10-30 14:51:44.301+00', NULL);
INSERT INTO public.scraped_tweet VALUES (615796504075223042, 'The Greeks are about to say YES on July 5th #REFERENDUM to accept bailout. Furthermore, we predict NO #Grexit more: http://t.co/oqm2iHVZkt', 3260797945, '2015-06-30 08:18:22+00', NULL, 615796504075223042, NULL, NULL, '2025-10-30 14:48:11.800422+00', '2025-10-30 14:48:11.800422+00', NULL);
INSERT INTO public.scraped_tweet VALUES (625093697697411072, 'Jonathan Pollard''s wife speaks out ahead of possible release http://t.co/AbTkbNhdrA http://t.co/Vbh6kKfvhJ', 14511951, '2015-07-26 00:02:05+00', NULL, 625093697697411072, NULL, NULL, '2025-10-30 14:48:12.817826+00', '2025-10-30 14:48:12.817826+00', NULL);
INSERT INTO public.scraped_tweet VALUES (625006604119740420, 'U.S. officials deny report on Jonathan Pollard release http://t.co/LwxZ4dp8jK http://t.co/WaAvkeNlO1', 2884771, '2015-07-25 18:16:01+00', NULL, 625006604119740420, NULL, NULL, '2025-10-30 14:48:12.817826+00', '2025-10-30 14:48:12.817826+00', NULL);
INSERT INTO public.scraped_tweet VALUES (624852268861554688, 'U.S. preparing to release convicted Israeli spy Jonathan Pollard, officials say http://t.co/Ipe4UQosgw', 3108351, '2015-07-25 08:02:44+00', NULL, 624852268861554688, NULL, NULL, '2025-10-30 14:48:12.817826+00', '2025-10-30 14:48:12.817826+00', NULL);
INSERT INTO public.scraped_tweet VALUES (624753618370080768, 'U.S. Says Parole of Jonathan Pollard, Spy for Israel, Will Follow Law http://t.co/EODNHoFL3u', 807095, '2015-07-25 01:30:44+00', NULL, 624753618370080768, NULL, NULL, '2025-10-30 14:48:12.817826+00', '2025-10-30 14:48:12.817826+00', NULL);
INSERT INTO public.scraped_tweet VALUES (624728673699147776, 'A small selection of the very negative things U.S. officials have said about Jonathan Pollard http://t.co/SswBKMLJtC', 2467791, '2015-07-24 23:51:37+00', NULL, 624728673699147776, NULL, NULL, '2025-10-30 14:48:12.817826+00', '2025-10-30 14:48:12.817826+00', NULL);
INSERT INTO public.scraped_tweet VALUES (624725773593804800, 'Convicted spy for Israel could be freed from U.S. prison soon http://t.co/lOsU9NKP2q', 14293310, '2015-07-24 23:40:05+00', NULL, 624725773593804800, NULL, NULL, '2025-10-30 14:48:12.817826+00', '2025-10-30 14:48:12.817826+00', NULL);
INSERT INTO public.scraped_tweet VALUES (1983496307428725104, 'PREDICTION MARKETS MAPS
(TAHMİN PİYASALARI HARİTASI)
👇

1⃣Genelleştirilmiş Piyasalar: 

Yatırımcılar, politika, spor, kripto ve finans gibi birçok kategorideki gerçek dünya olayları üzerine spekülasyon yapabilirler.

@Polymarket ve @Kalshi lider konumunu korurken, birkaç yeni katılımcı bu alanı ileriye taşıyor:

@triadfi  – Kast''ın kurucusu Raagulan liderliğinde Solana merkezli şirket, Nisan ayında tohum öncesi 400.000 dolar yatırım aldı.

@clearingcompany – Eski Polymarket ve Kalshi ekip üyeleri tarafından kurulan şirket, Ağustos ayında 15 milyon dolar tohum yatırımı topladı. Yakın zamanda, türünün en eski deneylerinden biri olan, çapraz pazar Parlays ürünü Lineups''ı piyasaya sürdü.

@MyriadMarkets  – Abstract zincirinde 20 milyon doların üzerinde toplam hacme sahip. Yakın zamanda Binance ile ortaklık duyurusu yapıldı.

@ManifoldMarkets – Kullanıcılar, işlem yapmak için uygulama içi bir para birimi olan MANA''yı kullanır. Platform şimdilik blok zinciri tabanlı değil ve kripto para yatırma işlemlerini desteklemiyor.

@9livesso  – Kullanıcıların serbestçe piyasa oluşturmasına olanak tanır. Arbitrum''da bir L3 olan Superposition üzerine kuruludur.

@seer_pm – Gnosis Chain''de çok kategorili bir tahmin piyasası canlı.

@xodotmarket – Delphi Ventures ve Cyber ​​Fund tarafından desteklenen, kullanıcıların çeşitli konularda kendi pazarlarını oluşturmalarına olanak tanır.

@ZeitgeistPM – Futarşi temelli yönetime sahip bir Polkadot parachain olarak inşa edilen en eski tahmin piyasalarından biri.

@BRKTgg  – Hem Movement hem de Base''de canlı olarak yayınlanan, spora odaklı bir tahmin piyasası uygulaması.

@precogmarket  – Kullanıcıların talep üzerine piyasalar oluşturabildiği bir Base-native tahmin piyasası.

2⃣Spor: 

Bu protokoller, kullanıcıların Polymarket ve Kalshi''de en büyük hacim sürücüsü olan pazarlardaki takımlar, oyuncular ve sonuçlar hakkındaki bilgilerinden kar elde etmelerini sağlar.

@footballdotfun – Base üzerine kurulu bir fantezi spor platformu. Kullanıcıların oyuncu token''larına sahip olmalarına ve bunları takas etmelerine olanak tanır.

@SX_Bet – Ethereum''da haftalık 9 milyon doların üzerinde işlem hacmine ve spor Parlay''lerine destek sağlayan L2. Nascent, Hack VC ve CMCC Global tarafından destekleniyor.

@mashdotfun – Solana''da canlı yayın yaparak, daha yüksek risk iştahına sahip kullanıcılara kaldıraçlı "spor bahisleri" sunuluyor.

@Overtime_io – Zincir içi bir spor bahisleri ekosistemi inşa ediyor; canlı uygulaması şu anda 1,9 milyon ABD doları tutarında TVL''ye sahip.

@BillyBets_ai – Spor tahmin stratejilerini otomatikleştiren ve optimize eden bir yapay zeka aracı.

@levr_bet – Monad üzerine kurulu kaldıraçlı spor bahis uygulaması.

@Novig – ABD pazarlarına odaklı spor tahminleri, iOS ve Android''de canlı olarak yayınlanıyor.

@Betterfanapp – Ethereum ve Arbitrum''da yayında ve Telegram mini uygulamasını başlatmayı planlıyor.

3⃣ Popüler Kültür: 

Bunlar, yalnızca gerçekçi tahminlerin ötesine geçen ve görüşlere dayanan öznel piyasalardır.

@BuzzingApp – Fluent blok zincirinde canlı; kullanıcıların görüş odaklı piyasalarda varlık oluşturmasına ve işlem yapmasına olanak tanır.

@Hookt_app – Kullanıcıların inançlarına göre sola veya sağa kaydırdığı, Tinder tarzı kaydırma arayüzü üzerine kurulu bir mobil tahmin uygulaması.

@opinionlabsxyz – Hem öznel hem de olgusal piyasaları destekler. YZI Labs tarafından desteklenmektedir. BNB Chain''deki son lansmanda, 24 saatlik işlem hacmi 25 milyon dolara ulaştı.

@dripit_io  – Hayranların favori sanatçılarına bahis oynayabilecekleri müzik odaklı bir tahmin pazarı.

@chompdotgames – Kullanıcıları fikirlerini paylaşıp ticaret yaptıkları için ödüllendiren Solana tabanlı bir uygulama.

4⃣Sosyal Akışlar: 

Bu tahmin piyasası uygulamaları, kullanıcıların X gibi sosyal platformlarda ortaya çıkan viral hikayeler üzerinden işlem yapmalarına olanak tanır.

@kash_bot - Live on Base, kullanıcıların X üzerindeki alıntı tweetleri (QT''ler) aracılığıyla doğrudan işlem yapmalarına olanak tanır. Piyasa çözümü yapay zeka tarafından sağlanır.

@CallMyBluff_io - Yatırımcıların devam eden tahminlere bahis oynadığı yapay zeka destekli bir tahmin piyasası. Sohbet robotu, likiditeyi ve oranları gerçek zamanlı olarak dinamik olarak güncelliyor. Arbitrum''da canlı yayında.

@onit_fun - Base ve Farcaster''da mevcut olup, kullanıcıların bir chatbot arayüzü aracılığıyla anında tahmin piyasaları oluşturmasını sağlar.

@noise_xyz - Kullanıcıların CT genelindeki trendlerin zihin payında işlem yapmalarına olanak tanır ve sonuçlar Kaito''nun veri akışı kullanılarak çözülür.

5⃣Finans: 

Bu uygulamalar, Bitcoin veya hisse senetleri gibi varlıkların gelecekteki fiyat hareketlerine ilişkin tahminlerde bulunma konusunda uzmanlaşmıştır.

@PRDT_Finance  - Hem Solana hem de EVM ağlarında kullanılabilen bir çapraz zincir tahmin platformu.

@signalswtf - Citrea üzerine kurulu olan bu platform, kullanıcıların Bitcoin''in fiyatını belirli bir fiyat aralığında tahmin etmelerine olanak sağlıyor.

@trepa_io - Balaji ve Colosseum tarafından desteklenmektedir. Kullanıcı, piyasa tahminlerinin doğruluğu karşılığında ödüllendirilir; daha yüksek doğruluk, daha büyük kazançlar sağlar.

@PicassoMarkets - Kullanıcılardan ertesi günkü hisse senedi fiyat grafiklerini çizmeleri istenir. En yakın tahminde bulunanlar ödül havuzundan kazanır.

@trylimitless - Kullanıcılar hem hisse senetleri hem de kripto para birimleri için fiyat hareketlerini tahmin edebilir. Ürünün toplam işlem hacmi 500 milyon doları aştı.

6⃣ Haberler: 

Bu platformlar, hem kamuoyu hem de karar vericiler için güvenilir, veri destekli içgörüler üretmek amacıyla kolektif zekayı ve gerçek parayı kullanır.

@truemarkets - Geleneksel haber medyasının yerini alarak merkezi olmayan bir “gerçeğin merkezi” haline gelmeyi hedefleyen genelleştirilmiş bir tahmin pazarı.

@PredictIt - En eski aktif tahmin piyasalarından biri (2014''ten beri aktif), ABD siyasi tahminlerine odaklanmasıyla biliniyor.

@metaculus - Profesyonel tahminciler, politika yapıcılar ve araştırmacılar tarafından küresel eğilimleri ve olayları tahmin etmek için kullanılan tahmin araçları ve modelleme altyapısı sağlar.

(cc: https://t.co/SLFKlBeNts )', 83237760, '2025-10-29 11:29:05+00', NULL, 1983496307428725104, NULL, NULL, '2025-10-30 14:48:12.817826+00', '2025-10-30 14:48:12.817826+00', NULL);
INSERT INTO public.scraped_tweet VALUES (1983498077483810892, 'Aside myriad market and polymarket

Is there any other tokenless prediction market out there???', 1267090569651793921, '2025-10-29 11:36:07+00', NULL, 1983498077483810892, NULL, NULL, '2025-10-30 14:48:12.817826+00', '2025-10-30 14:48:12.817826+00', NULL);
INSERT INTO public.scraped_tweet VALUES (1978796026971504934, 'It is hard to keep up with the need to measure frontier AI ability.

Leave aside the fact that many papers (including some of mine) use GPT-4 (science takes time), good testing is just hard. Like if you wanted to test AI story writing with expert evaluation, that is expensive.', 39125788, '2025-10-16 12:11:51+00', NULL, 1978796026971504934, NULL, NULL, '2025-10-30 14:48:14.368715+00', '2025-10-30 14:48:14.368715+00', NULL);
INSERT INTO public.scraped_tweet VALUES (1978901357026512908, 'why do we all not know the name of the person who predicts things most accurately 10 years out. feels like this is the kind of thing we should be tracking as much as wealth, and a route to being absurdly well known if that’s your goal', 24761783, '2025-10-16 19:10:24+00', NULL, 1978901357026512908, NULL, NULL, '2025-10-30 14:48:14.368715+00', '2025-10-30 14:48:14.368715+00', NULL);
INSERT INTO public.scraped_tweet VALUES (1977773692693152103, 'Inside look: our quest to beat the top human forecasters. https://t.co/y7yJnuKYA8', 1955309740034232324, '2025-10-13 16:29:28+00', NULL, 1977773692693152103, NULL, NULL, '2025-10-30 14:48:14.368715+00', '2025-10-30 14:48:14.368715+00', NULL);
INSERT INTO public.scraped_tweet VALUES (1976700950128603457, 'Even 20% chance by 2030 is real risk. Hackers are stealing encrypted data now to break it later with quantum.

Research submitted to @SECgov mentioning @NaorisProtocol identifies quantum infrastructure as critical priority. 

STARKs address protocol layer. Infrastructure (validators/nodes) needs quantum-hardening too.
@ethereumfndn', 1508558016634925069, '2025-10-10 17:26:46+00', 1960844208790757894, 1976700950128603457, NULL, NULL, '2025-10-30 14:48:14.368715+00', '2025-10-30 14:48:14.368715+00', NULL);
INSERT INTO public.scraped_tweet VALUES (1974552204859392359, 'https://t.co/DH2j5FtCbO', 1330538176121884673, '2025-10-04 19:08:25+00', 1974484795607396625, 1974552204859392359, NULL, NULL, '2025-10-30 14:48:14.368715+00', '2025-10-30 14:48:14.368715+00', NULL);
INSERT INTO public.scraped_tweet VALUES (1974484795607396625, 'Apparently the Navier Stokes proof from Deepmind is this week

World will never be the same', 1482142727638769665, '2025-10-04 14:40:34+00', NULL, 1974484795607396625, NULL, NULL, '2025-10-30 14:48:14.368715+00', '2025-10-30 14:48:14.368715+00', NULL);
INSERT INTO public.scraped_tweet VALUES (1974579035486466275, '@metaculus @_Mantic_AI I see nothing in the "democracy index" that penalizes mass arresting peaceful pro-democracy so-called January Sixth protestors for the crime of peaceably assembling.', 1675876561474535424, '2025-10-04 20:55:02+00', NULL, 1973438173847101682, 1973438973101089135, NULL, '2025-10-30 14:48:14.368715+00', '2025-10-30 14:48:14.368715+00', NULL);
INSERT INTO public.scraped_tweet VALUES (1972495623740969103, 'Does anyone actually like "Waiting for Godot"?', 12612432, '2025-09-29 02:56:18+00', NULL, 1972495623740969103, NULL, NULL, '2025-10-30 14:48:14.368715+00', '2025-10-30 14:48:14.368715+00', NULL);
INSERT INTO public.scraped_tweet VALUES (615796748468916224, 'We currently predict that #Marijuana use in #Israel will NOT be legalized or #decriminalized durin 2015. http://t.co/oqm2iHVZkt', 3260797945, '2015-06-30 08:19:20+00', NULL, 615796748468916224, NULL, '019a3599-683e-7652-8285-b89bb7cec870', '2025-10-30 14:48:11.800422+00', '2025-10-30 14:50:37.502+00', NULL);
INSERT INTO public.scraped_tweet VALUES (615797234093821952, 'Also, we predict that #Israel AND #turkey WILL NOT #RECONCILE BY THE END OF 2015 http://t.co/oqm2iHVZkt', 3260797945, '2015-06-30 08:21:16+00', NULL, 615797234093821952, NULL, '019a3599-6840-76a9-a92b-6552bf95d11c', '2025-10-30 14:48:11.800422+00', '2025-10-30 14:50:37.504+00', NULL);
INSERT INTO public.scraped_tweet VALUES (620499468220133376, 'Prediction: the next general elections in Israel will happen during H1 2017 http://t.co/VB2JMazbQp #israelelections @knessetil @knesset99', 3260797945, '2015-07-13 07:46:16+00', NULL, 620499468220133376, NULL, '019a3599-78da-770f-9ac9-21315dc9abfe', '2025-10-30 14:48:11.800422+00', '2025-10-30 14:50:41.754+00', NULL);
INSERT INTO public.scraped_tweet VALUES (1975751646358499729, '@matthew_pines → https://t.co/2H7LeEYm3F https://t.co/BUMLWODC3t', 4117238354, '2025-10-08 02:34:34+00', NULL, 1974552204859392359, 1974552204859392359, NULL, '2025-10-30 14:48:12.462969+00', '2025-10-30 14:48:12.462969+00', NULL);
INSERT INTO public.scraped_tweet VALUES (1975018008247762981, '@BleuNoMatterWho @_Mantic_AI Forecast questions welcome. Make predictions, win money, and propose your own questions for you and others to forecast. → https://t.co/7H85fYWMMU', 4117238354, '2025-10-06 01:59:21+00', NULL, 1973438173847101682, 1974579035486466275, NULL, '2025-10-30 14:48:12.462969+00', '2025-10-30 14:48:12.462969+00', NULL);
INSERT INTO public.scraped_tweet VALUES (1973485711669207220, 'The RAND x Metaculus Policy Challenge Is Live

University students: Forecast policy-relevant questions + share rationales &amp; compete for
- $10,000 in prizes
- @RANDforecasting Pro Forecaster status
- Networking with @RANDCorporation experts

Link in thread. https://t.co/WClhgSzY5y', 4117238354, '2025-10-01 20:30:33+00', NULL, 1973485711669207220, NULL, NULL, '2025-10-30 14:48:12.462969+00', '2025-10-30 14:48:12.462969+00', NULL);
INSERT INTO public.scraped_tweet VALUES (1973438973101089135, '@_Mantic_AI You can track and contribute to our US Democracy Threat Index here: https://t.co/nFTAJYSpXh https://t.co/Wnf3fXgYli', 4117238354, '2025-10-01 17:24:50+00', NULL, 1973438173847101682, 1973438173847101682, NULL, '2025-10-30 14:48:12.462969+00', '2025-10-30 14:48:12.462969+00', NULL);
INSERT INTO public.scraped_tweet VALUES (1973438173847101682, 'New BLW writeup on the state of US democracy with contributions by Metaculus forecasters, domain experts, and AI predictors, including @_Mantic_AI.', 4117238354, '2025-10-01 17:21:40+00', 1973389840684097687, 1973438173847101682, NULL, NULL, '2025-10-30 14:48:12.462969+00', '2025-10-30 14:48:12.462969+00', NULL);
INSERT INTO public.scraped_tweet VALUES (1973092161441632590, '85% 
https://t.co/ILUuiWqbyH https://t.co/MmbaQEKnot', 4117238354, '2025-09-30 18:26:44+00', NULL, 1973092161441632590, NULL, NULL, '2025-10-30 14:48:12.462969+00', '2025-10-30 14:48:12.462969+00', NULL);
INSERT INTO public.scraped_tweet VALUES (1972891166388740584, '@jpodhoretz yeah', 4117238354, '2025-09-30 05:08:03+00', NULL, 1972495623740969103, 1972495623740969103, NULL, '2025-10-30 14:48:12.462969+00', '2025-10-30 14:48:12.462969+00', NULL);
INSERT INTO public.scraped_tweet VALUES (625567351237316609, 'Prediction: #Beijing will host 2022 winter Olympics http://t.co/n3lUzvBYK8 @Olympics @NBCOlympics @TeamUSA @OWI_AUS', 3260797945, '2015-07-27 07:24:13+00', NULL, 625567351237316609, NULL, '019a3598-ac04-71e7-8718-a4c29e1eaa4a', '2025-10-30 14:48:10.451322+00', '2025-10-30 14:49:49.317+00', NULL);
INSERT INTO public.scraped_tweet VALUES (625574233993711616, 'Prediction: Jonathan Pollard will be released during 2015 http://t.co/eW4dllOS7D @Newsweek @WSJ @TIME @CNN', 3260797945, '2015-07-27 07:51:34+00', NULL, 625574233993711616, NULL, '019a3598-ac09-7e61-9c6e-89f01a9354b7', '2025-10-30 14:48:10.451322+00', '2025-10-30 14:49:49.322+00', NULL);
INSERT INTO public.scraped_tweet VALUES (625574265425760256, '@TIME Prediction: Jonathan Pollard will be released during 2015 http://t.co/eW4dllOS7D', 3260797945, '2015-07-27 07:51:42+00', NULL, 624725773593804800, 624725773593804800, '019a3598-ac0d-71f1-82e9-12dc130e66a7', '2025-10-30 14:48:10.451322+00', '2025-10-30 14:49:49.325+00', NULL);
INSERT INTO public.scraped_tweet VALUES (625574350494642176, '@WSJ Prediction: Jonathan Pollard will be released during 2015 http://t.co/eW4dllOS7D', 3260797945, '2015-07-27 07:52:02+00', NULL, 624852268861554688, 624852268861554688, '019a3598-bbf8-7a22-a62c-aea694ae532a', '2025-10-30 14:48:10.451322+00', '2025-10-30 14:49:53.4+00', NULL);
INSERT INTO public.scraped_tweet VALUES (626299301992529920, 'SUCCESS
Our prediction comes true: Jonathan Pollard will be released on November 20.
Our SuperForecasts... http://t.co/tgNoFDw8Jq', 3260797945, '2015-07-29 07:52:44+00', NULL, 626299301992529920, NULL, '019a3598-cdbb-781b-b7a9-569b4df0dbc8', '2025-10-30 14:48:10.451322+00', '2025-10-30 14:49:57.947+00', NULL);
INSERT INTO public.scraped_tweet VALUES (1981064552948388073, '🏆 Metaculus Top Comments of the Week

Each week we share arguments and rationales from our forecasting community.

In this thread: selections from Oct 5 - Oct 11. 
(Rankings finalize after a week of community voting.)', 4117238354, '2025-10-22 18:26:10+00', NULL, 1981064552948388073, NULL, '019a3598-f3d2-72f4-aba5-efd479cfaae6', '2025-10-30 14:48:10.727382+00', '2025-10-30 14:50:07.698+00', NULL);
INSERT INTO public.scraped_tweet VALUES (1981064563467428155, '1st Place: Probability of US civil war by 2031

dosimetrist quoted Trump''s threat to invoke the Insurrection Act to deploy troops into Democrat-led cities: 

"if people were being killed and courts were holding us up or governors or mayors were holding us up, sure I would do that."  

Full comment: https://t.co/zwhPczLtXZ', 4117238354, '2025-10-22 18:26:12+00', NULL, 1981064552948388073, 1981064552948388073, '019a3599-3868-73d8-afb2-346cdd7a3311', '2025-10-30 14:48:10.727382+00', '2025-10-30 14:50:25.256+00', NULL);
INSERT INTO public.scraped_tweet VALUES (1981064568819577052, '2nd Place: US Argentina bailout by 2026
lubossaloky commented:

"The U.S. Treasury finalized a $20 billion currency swap framework with Argentina and bought pesos in the open market on Thursday..."  

Full comment: https://t.co/TwxmuTuAPO https://t.co/wazC0kimld', 4117238354, '2025-10-22 18:26:14+00', NULL, 1981064552948388073, 1981064563467428155, '019a3599-386a-7b4f-88bd-9121721f65e8', '2025-10-30 14:48:10.727382+00', '2025-10-30 14:50:25.258+00', NULL);
INSERT INTO public.scraped_tweet VALUES (1981064574192558343, '3rd Place: French PM grouping on Dec 31, 2025

exmateriae shared a surprised reaction to Lecornu''s unexpected resignation, foreseeing intensified pressure on Macron, a higher likelihood of government dissolution, and numerous new political possibilities. 

Full comment: https://t.co/pBI7DKk0YE', 4117238354, '2025-10-22 18:26:15+00', NULL, 1981064552948388073, 1981064568819577052, '019a3599-386c-7ef5-91f7-3b71078abff2', '2025-10-30 14:48:10.727382+00', '2025-10-30 14:50:25.261+00', NULL);
INSERT INTO public.scraped_tweet VALUES (1983606766287122445, '🏆 Metaculus Top Comments of the Week

Each week we celebrate persuasive arguments, keen observations, and nuanced analysis from our forecasting community.

Here are the comments that medaled for the week starting Oct 12. Links in thread.
(Rankings finalize after a week of community voting.)', 4117238354, '2025-10-29 18:48:01+00', NULL, 1983606766287122445, NULL, '019a3599-386f-7157-94dd-10844d7aafc5', '2025-10-30 14:48:10.727382+00', '2025-10-30 14:50:25.263+00', NULL);
INSERT INTO public.scraped_tweet VALUES (1983606772330905718, '1st Place: F1 Title Race Forecast
exmateriae explores how the historically shifting F1 championship formats and the exceptionally tight current battle between Piastri and Norris make the 2025 title-deciding race hard to pinpoint.

"Something to keep in mind about the last ~10 seasons is that many of them had clear winners about halfway through the season, which is not the case of the current season, with Piastri and Norris remaining very close."

Full comment: https://t.co/DdcpEj9PGM', 4117238354, '2025-10-29 18:48:02+00', NULL, 1983606766287122445, 1983606766287122445, '019a3599-3871-71e3-b448-076707c4df75', '2025-10-30 14:48:10.727382+00', '2025-10-30 14:50:25.265+00', NULL);
INSERT INTO public.scraped_tweet VALUES (1983606777234256123, '2nd Place: No 2025 tariff ruling
Perspectus explains how the Supreme Court''s November 5th oral argument date for Trump''s tariffs virtually guarantees a 2026 decision, making a 2025 ruling overwhelmingly unlikely regardless of the merits.

"Historically, SCOTUS takes months (!) from argument to opinion, and as far as I can tell, there aren''t any modern cases argued that we could look to for producing a full decision before year-end in this time frame (Bush v. Gore, notwithstanding, of course)."

Full comment: https://t.co/GIyD1OvFru', 4117238354, '2025-10-29 18:48:03+00', NULL, 1983606766287122445, 1983606772330905718, '019a3599-3874-7a55-8888-9c4db4e0d0bc', '2025-10-30 14:48:10.727382+00', '2025-10-30 14:50:25.268+00', NULL);
INSERT INTO public.scraped_tweet VALUES (1983606782887923833, '3rd Place: Deportation Increase Outlook
lubossaloky observes that recent deportation numbers, holding steady at 15-20k every two weeks, suggest current trends are insufficient to meet the doubling target for FY2025 deportations.

"It seems that deportations have stabilized around 15-20k per two weeks, insufficient for the question to resolve positively."

Full comment: https://t.co/Nw5NuU85MH', 4117238354, '2025-10-29 18:48:05+00', NULL, 1983606766287122445, 1983606777234256123, '019a3599-3876-7b9c-b379-5ceca126b615', '2025-10-30 14:48:10.727382+00', '2025-10-30 14:50:25.27+00', NULL);
INSERT INTO public.scraped_tweet VALUES (1983606787417755990, '4th Place: US Venezuela Escalation
lubossaloky highlights how the retirement of an admiral overseeing Venezuelan boat strikes, by resolving reported internal tensions, could pave the way for more aggressive US actions.

"It seems that ''tension'' between Defense Secretary and SOUTHCOM leadership has been ''resolved'', increasing the probability of more hawkish decisions to be implemented."

Full comment: https://t.co/xhLYmJKTQQ', 4117238354, '2025-10-29 18:48:06+00', NULL, 1983606766287122445, 1983606782887923833, '019a3599-3878-7cb7-afea-b3a7405b9d0d', '2025-10-30 14:48:10.727382+00', '2025-10-30 14:50:25.272+00', NULL);
INSERT INTO public.scraped_tweet VALUES (1973485717830717498, 'Start here: https://t.co/aFdgHlBOk2

Competition runs through the end of the year. https://t.co/bHoHG0DCsE', 4117238354, '2025-10-01 20:30:35+00', NULL, 1973485711669207220, 1973485711669207220, '019a3599-a1af-7589-a1f8-f8445d7c9bbf', '2025-10-30 14:48:12.462969+00', '2025-10-30 14:50:52.207+00', NULL);
INSERT INTO public.scraped_tweet VALUES (1975751222679261581, '@inductionheads 👀  https://t.co/CU5LsBHw0N https://t.co/bbzjzbOGGY', 4117238354, '2025-10-08 02:32:53+00', NULL, 1974484795607396625, 1974484795607396625, '019a3599-a1b2-70d2-bac9-e23ea6bda883', '2025-10-30 14:48:12.462969+00', '2025-10-30 14:50:52.21+00', NULL);
INSERT INTO public.scraped_tweet VALUES (1976355713036501235, 'No Hamas hostages by 2026? 
Currently 82% 
https://t.co/wxfIPIHt2J https://t.co/jUV4jCHHeB', 4117238354, '2025-10-09 18:34:55+00', NULL, 1976355713036501235, NULL, '019a3599-a1b4-73b4-96e2-d07d19e3ef63', '2025-10-30 14:48:12.462969+00', '2025-10-30 14:50:52.212+00', NULL);


--
-- PostgreSQL database dump complete
--

\unrestrict eDeUR5owrjqfxEdiG1qaWJrPhaGg06ON5lQvMUDHJ8ZCnmSkzMG00P9ifLUPNJI

